±i­õ°ß,happy,85,1,3rd
±i­õ°ß,happy,86,2,3rd
±i­õ°ß,happy,85,3,3rd
±i­õ°ß,happy,84,4,3rd
±i­õ°ß,happy,81,5,3rd
±i­õ°ß,happy,80,6,3rd
±i­õ°ß,happy,81,7,3rd
±i­õ°ß,happy,80,8,3rd
±i­õ°ß,happy,82,9,3rd
±i­õ°ß,happy,83,10,3rd
±i­õ°ß,happy,78,11,3rd
±i­õ°ß,happy,77,12,3rd
±i­õ°ß,happy,76,13,3rd
±i­õ°ß,happy,78,14,3rd
±i­õ°ß,happy,81,15,3rd
±i­õ°ß,happy,82,16,3rd
±i­õ°ß,happy,81,17,3rd
±i­õ°ß,happy,79,18,3rd
±i­õ°ß,happy,77,19,3rd
±i­õ°ß,happy,78,20,3rd
±i­õ°ß,happy,79,21,3rd
±i­õ°ß,happy,80,22,3rd
±i­õ°ß,happy,82,23,3rd
±i­õ°ß,happy,83,24,3rd
±i­õ°ß,happy,78,25,3rd
±i­õ°ß,happy,79,26,3rd
±i­õ°ß,happy,80,27,3rd
±i­õ°ß,happy,81,28,3rd
±i­õ°ß,happy,82,29,3rd
±i­õ°ß,happy,84,30,3rd
±i­õ°ß,happy,83,31,3rd
±i­õ°ß,happy,78,32,3rd
±i­õ°ß,happy,79,33,3rd
±i­õ°ß,happy,83,34,3rd
±i­õ°ß,happy,85,35,3rd
±i­õ°ß,happy,88,36,3rd
±i­õ°ß,happy,89,37,3rd
±i­õ°ß,happy,90,38,3rd
±i­õ°ß,happy,87,39,3rd
±i­õ°ß,happy,83,40,3rd
±i­õ°ß,happy,82,41,3rd
±i­õ°ß,happy,81,42,3rd
±i­õ°ß,happy,80,43,3rd
±i­õ°ß,happy,79,44,3rd
±i­õ°ß,happy,78,45,3rd
±i­õ°ß,happy,82,46,3rd
±i­õ°ß,happy,83,47,3rd
±i­õ°ß,happy,84,48,3rd
±i­õ°ß,happy,83,49,3rd
±i­õ°ß,happy,79,50,3rd
±i­õ°ß,happy,81,51,3rd
±i­õ°ß,happy,82,52,3rd
±i­õ°ß,happy,83,53,3rd
±i­õ°ß,happy,82,54,3rd
±i­õ°ß,happy,85,55,3rd
±i­õ°ß,happy,86,56,3rd
±i­õ°ß,happy,87,57,3rd
±i­õ°ß,happy,90,58,3rd
±i­õ°ß,happy,89,59,3rd
±i­õ°ß,happy,88,60,3rd
±i­õ°ß,happy,87,61,3rd
±i­õ°ß,happy,86,62,3rd
±i­õ°ß,happy,88,63,3rd
±i­õ°ß,happy,86,64,3rd
±i­õ°ß,happy,85,65,3rd
±i­õ°ß,happy,84,66,3rd
±i­õ°ß,happy,83,67,3rd
±i­õ°ß,happy,82,68,3rd
±i­õ°ß,happy,81,69,3rd
±i­õ°ß,happy,73,70,3rd
±i­õ°ß,happy,67,71,3rd
±i­õ°ß,happy,69,72,3rd
±i­õ°ß,happy,80,73,3rd
±i­õ°ß,happy,81,74,3rd
±i­õ°ß,happy,80,75,3rd
±i­õ°ß,happy,81,76,3rd
±i­õ°ß,happy,83,77,3rd
±i­õ°ß,happy,83,78,3rd
±i­õ°ß,happy,82,79,3rd
±i­õ°ß,happy,83,80,3rd
±i­õ°ß,happy,81,81,3rd
±i­õ°ß,happy,80,82,3rd
±i­õ°ß,happy,81,83,3rd
±i­õ°ß,happy,82,84,3rd
±i­õ°ß,happy,83,85,3rd
±i­õ°ß,happy,78,86,3rd
±i­õ°ß,happy,79,87,3rd
±i­õ°ß,happy,80,88,3rd
